,Rok,MiesiÄ…c,avg_temp,max_temp,min_temp
0,1991,12,-1.9103161929096155,0.8115138933248132,-4.818189076972194
1,1969,4,6.058538461538442,11.257128205128183,1.3631794871794907
2,1988,6,15.62061403508776,20.441526315789392,10.872140350877222
3,1989,9,13.77378238341965,19.304006908462767,9.07504317789296
4,1990,11,4.463031914893617,6.921223404255309,2.120797872340416
5,1961,2,1.5013941940412532,4.3048128342246095,-1.0990068754774642
6,1953,7,18.909181141439177,24.48663594470041,13.230733782346697
7,2019,5,11.689985556090512,16.611458834857913,7.032354357246018
8,1975,5,13.35659392789375,18.87172675521821,8.377822580645198
9,2002,12,-5.426659729448475,-1.938439125910517,-8.364328824141495
10,2019,9,13.184242424242427,19.25651515151509,8.639545454545425
11,1963,10,8.055687606112071,12.016876061120557,4.598013582342952
12,1985,11,0.22952606635071054,2.941682464454987,-2.271919431279616
13,2004,1,-5.143065989847714,-1.9317969543147286,-8.089563451776606
14,2007,5,14.274990043807202,20.501035444046163,8.130306650736804
15,2014,11,5.026013071895415,8.3345969498911,2.56328976034859
16,2003,6,17.540726495726553,23.512094017093993,11.196709401709503
17,1964,4,7.28498245614036,12.159438596491256,2.5971754385964916
18,1983,2,-2.889564336372845,0.19308510638297938,-6.052228976697074
19,1979,1,-5.660849385008121,-2.86778834996519,-9.060269203991615
20,2011,1,-1.2500612494895909,1.6989791751735344,-3.801224989791762
21,1982,12,0.9102031394275156,3.212834718374897,-1.307663896583559
22,1955,1,-3.0744263385433985,-0.42623877618889333,-6.212969737279687
23,2005,1,-0.26688444262964583,2.6337484687627497,-2.765700285830977
24,2006,4,7.812832131822884,13.455571575695304,3.057651905252303
25,2008,5,12.559996017522892,18.31172839506177,6.679669454400656
26,1999,6,16.33020202020198,21.41212121212125,11.423838383838442
27,1981,1,-3.8262124971802494,-0.8833070155650857,-6.991360252650571
28,1952,12,-1.6525089605734744,0.32863799283154155,-4.252078853046588
29,1990,7,16.460305602716517,21.769269949066125,11.122054329371892
30,1961,10,10.409540877282828,15.261375661375725,5.920925072537982
31,1955,8,17.97310730743909,23.50641869651089,12.691869651086233
32,1953,3,2.604566872055093,7.387749184487137,-1.8963030083363586
33,2014,5,12.715286624203836,18.155064721594393,7.414279843846319
34,1994,4,8.078334202747337,13.257033559381057,3.150269518344624
35,1966,4,8.203974358974373,13.343282051282127,3.35948717948717
36,1974,9,12.981237373737363,18.84674242424232,8.417146464646459
37,1960,4,5.897150997150992,10.714957264957238,1.4234472934472904
38,1984,11,2.5710489510489514,6.39207459207459,-0.4328205128205124
39,1971,1,-3.1019754938734696,0.3907226806701684,-6.787146786696686
40,1961,3,4.993341383474209,8.951837157150257,1.4658789028808061
41,1961,7,15.73394777265747,20.82227342549921,10.764038231780164
42,1998,3,1.0856698425043756,5.563095469570294,-2.51893836282327
43,1981,8,15.993322806226047,21.075953079178966,11.247687796074977
44,1958,5,14.050813344361739,18.974193548387095,8.40918114143921
45,1963,3,-1.1006960950763998,2.9551273344652067,-5.342903225806455
46,1962,7,15.25595925297122,20.2475551782683,10.114193548387105
47,1990,10,8.784420041180518,14.468908716540883,4.276235415236803
48,1964,8,15.480458404074732,20.79263157894739,10.795653650254712
49,1980,8,15.705674593830953,20.543866258535456,11.53381210266076
50,1960,10,8.793327819134266,12.501571546732844,5.406038047973532
51,1956,2,-11.426640219713136,-6.990265486725641,-16.404668904485856
52,2006,8,16.504420549581784,21.411051373954496,12.312743926722442
53,2006,6,16.428209876543246,22.09158436213987,10.311872427983548
54,1962,1,-0.18967400580303742,2.258354668032093,-2.782164191841622
55,1984,12,-1.527746447101282,0.818768328445747,-3.7618768328445733
56,1972,5,12.728515144053194,17.733440039399113,7.628662890913579
57,1954,6,17.639764621968606,22.795506419400812,11.835877318116951
58,1953,4,8.297222222222222,13.951333333333347,2.1117407407407405
59,2003,12,0.4387110187110185,3.6561538461538396,-2.2417879417879503
60,2006,2,-3.6069885361551948,-0.043783068783069055,-6.603813932980597
61,1998,7,16.992336265884656,22.059354838709723,12.209364613880753
62,1976,6,14.81622871046232,20.3131630170317,8.58678832116792
63,1967,3,4.472803970223318,8.464119106699796,1.1032009925558337
64,1972,9,11.028498727735384,15.895241730279869,7.070356234096706
65,1974,3,3.9919843597262963,9.636999022482861,-0.6121700879765355
66,1957,12,-0.9983870967741911,1.410761957730816,-3.871190211345927
67,2005,11,2.351017838405033,6.192885624344167,-0.6153830010493084
68,2011,10,7.676307122272525,13.09534787978605,3.8709757101687896
69,2019,1,-3.047639083683961,-0.08952781673679254,-5.700467508181389
70,2016,11,2.4913425925925923,5.910740740740736,-0.28569444444444464
71,1982,1,-4.420740572467069,-1.0614720581553858,-7.646615174920483
72,1951,5,10.98497153700191,15.721518026565445,6.156546489563567
73,2010,12,-5.614197657694687,-1.9834394904458643,-9.155249640435585
74,1994,3,3.8720541534347324,7.894684940665249,0.5539027243857639
75,1999,7,19.03620723362657,24.59743890518084,13.433607038123236
76,1966,7,17.366774193548462,22.68528535980137,12.276947890818864
77,1967,1,-4.201811414392064,-1.2718610421836247,-7.697617866004939
78,2011,2,-3.8912748643761295,0.1562386980108512,-7.113517179023536
79,2017,1,-5.595609318996411,-1.4063172043010708,-9.106048387096742
80,1960,12,2.3744122471295785,4.671350464734817,0.03403499179879699
81,2018,12,0.34313364055299583,2.713364055299541,-1.8588940092165902
82,1961,5,10.928363074811285,15.788297872340415,6.1154941660947015
83,2000,2,1.5161787031012819,4.796399913250924,-1.1432010409889506
84,1959,9,11.449259259259279,17.54447293447295,5.983247863247856
85,1952,8,17.941368309110235,23.67802197802193,12.519142148174437
86,2007,8,17.689506172839476,23.560951812027067,12.346196734368814
87,1988,3,0.6500509337860787,3.9572835314091503,-2.353633276740239
88,1978,9,10.904541062801943,14.869154589371917,7.8158695652173895
89,1977,9,10.597415458937192,15.370507246376766,6.791714975845419
90,1973,7,17.36801075268825,22.38878299120238,12.385679374389117
91,1994,10,6.359618920274105,11.0648504094936,2.4486378071201598
92,1976,8,14.671532846715307,20.765151871909627,9.257923239934083
93,2005,3,-0.5356267864434472,4.4015108207431695,-4.562454062882809
94,2005,2,-3.810814479638019,-0.08257918552036343,-6.740610859728501
95,1996,6,15.873603082851709,21.40672447013494,10.242851637764923
96,1997,9,12.374161616161592,17.978343434343493,8.083737373737362
97,2018,3,-0.6697410268059963,4.374557019536576,-4.643389368468878
98,1991,6,14.725032679738558,20.092450980392158,9.28011437908501
99,1965,10,7.22144312393889,12.47991511035657,2.7289643463497377
100,1956,10,7.897707979626506,11.803763440860218,4.176683644595359
101,1957,7,18.15386540600668,22.41771412680758,13.053031145717485
102,1995,5,11.663552094920298,17.08904338153507,5.94017426770487
103,1984,7,15.210040890504281,20.01508405270335,10.377214902317156
104,1984,10,10.100203022783646,14.315813219039022,6.57963004737198
105,1966,6,16.512051282051313,22.09174358974361,10.201256410256416
106,1953,6,17.51893772893772,22.546190476190425,11.627509157509163
107,2006,10,9.893648567421344,15.761049889801656,5.641995592065731
108,1993,1,-0.3841061827956987,3.1667002688172166,-3.968951612903196
109,1962,11,3.807771929824561,6.2654736842105185,1.48701754385965
110,1968,1,-3.9260049627791616,-1.4059305210918134,-7.431637717121579
111,2003,4,6.169786324786339,11.896175213675312,1.0441239316239357
112,1965,9,13.966596491228062,19.901982456140235,8.928684210526402
113,1964,9,12.778684210526325,18.512578947368393,7.6725964912280435
114,1995,7,19.406840934371544,25.58418613273996,12.65272525027806
115,1997,2,0.9763805584281277,4.594808686659756,-1.9195449844881087
116,1976,2,-4.2774226025673485,0.42313113516234485,-8.305839416058383
117,1966,10,11.166029776674971,16.013697270471557,7.317022332506194
118,2017,10,8.694175627240137,13.06886200716844,5.461962365591392
119,1985,3,1.8267151294865998,5.434416174466127,-0.9437301226715155
120,1980,4,5.343954446329047,10.107220741458626,1.1540828689120437
121,1977,8,15.70081813931748,20.67484805984102,11.494296400187082
122,1975,11,1.3845925925925888,4.49162962962964,-1.313901234567903
123,1967,4,6.992128205128201,11.442564102564182,2.887615384615385
124,1971,10,7.898883097542813,12.666517746338979,3.997716554976426
125,1972,6,16.443989898989898,21.878535353535266,10.57345959595963
126,2015,7,18.863122262047035,25.31350059737174,12.400079649542041
127,1965,5,9.852886247877791,14.189405772495789,5.2038200339558465
128,1982,7,17.98475692866881,23.488732394366235,12.160790549750194
129,1975,8,17.668936678614124,23.735985663082417,12.22334528076467
130,1974,7,15.459799608993137,20.2290078201368,11.306549364613911
131,1987,7,17.62957300018647,22.72403505500655,12.2470072720492
132,1987,10,8.415234010814835,13.122655230281568,4.588961402200251
133,1992,3,2.9209834011901092,7.454697776385831,-0.7465079862198578
134,2000,1,-2.293031288094278,0.5092035757822027,-4.939821210889875
135,1967,9,15.275282051282039,20.788051282051278,10.653025641025637
136,2004,7,16.922174883343487,22.298011767092646,11.69267599918856
137,1973,6,15.596085858585868,20.712474747474776,10.01861111111117
138,1999,11,1.6145934959349597,4.697012195121966,-0.8178455284552849
139,2021,2,-2.2429771908763514,2.5496398559423827,-5.96008403361346
140,1989,8,17.087869623655898,22.692876344085988,11.881838037634498
141,1999,12,-0.1767180925666186,2.4847525545982694,-2.5780605089160757
142,1954,2,-8.825921658986177,-4.7526881720429985,-13.426728110599043
143,2002,5,15.633809718252326,21.76792568395255,9.746835443038075
144,1956,4,4.963596491228082,8.72599415204678,1.267163742690061
145,2013,9,11.214437367303601,16.302823779193172,7.107728237791965
146,1986,2,-9.266483516483508,-4.933495350803067,-13.22032967032962
147,1981,5,13.45838255338483,18.904157201272152,7.824943207632892
148,1979,3,2.1919470874913003,5.8696217219772615,-0.7203759572986771
149,1980,2,-1.423458343820792,1.4028693682355913,-3.7964762144475204
150,1977,7,15.859583917718544,20.951425899953254,11.054394576905132
151,1969,1,-5.658759305210926,-2.1251364764268055,-9.4424069478908
152,1957,5,9.910511679644056,14.427085650723033,4.600750834260293
153,1954,7,16.046945778997912,20.546842827728213,11.88840082361017
154,2007,9,11.76664609053496,17.333600823045302,7.532777777777789
155,2020,4,7.859153439153426,15.511957671957681,0.5547089947089947
156,1991,7,18.374527252502762,23.660225647545037,12.627649769585322
157,1998,10,7.522812867791294,11.208748528834882,4.739701843860327
158,1979,12,1.817601683029457,4.5107059373539125,-0.7312061711079931
159,1973,8,16.78135386119257,23.529252199413545,10.010581622678428
160,1972,8,16.322067448680354,21.188172043010702,11.911534701857338
161,1995,4,6.943409961685814,11.689482758620725,2.5941570881226013
162,1995,9,12.257624521072787,16.49714559386971,8.69959770114942
163,1973,1,-2.1195503421309883,0.5689638318670541,-4.760410557184732
164,2022,10,10.186693548387115,16.125057603686564,6.10541474654378
165,1988,5,13.947826825127379,19.555483870967713,7.816740237691015
166,1994,9,14.28805555555556,18.99529513888887,10.18765625
167,1996,8,16.85401827335447,22.55051277270178,11.892093977251516
168,1986,3,1.6086597542242709,6.1434331797234725,-2.101651305683568
169,2020,12,1.2514180672268924,4.143749999999991,-1.1630252100840308
170,1993,4,7.988024054982775,13.386941580756009,2.403230240549826
171,1980,6,14.891835748792273,19.491062801932387,10.506400966183614
172,2011,9,14.104076433120987,20.757473460721904,9.068768577494685
173,1968,12,-3.9976426799007583,-1.189156327543429,-6.541563275434279
174,1971,6,15.043643410852718,20.121886304909562,9.96080103359182
175,2012,9,13.500615711252635,19.646242038216464,8.814501061571153
176,2015,4,7.122150537634406,13.031433691756316,1.912688172043003
177,1998,12,-2.6162708537782247,0.48900883218842073,-5.35263984298331
178,1979,7,14.679159897888148,19.267115339986155,10.324390809932778
179,1982,9,14.872127659574451,21.407044917257707,9.459858156028426
180,2008,12,0.6853245718837108,3.5933293508562145,-1.6545599362803785
181,1965,6,15.599508771929862,20.469842105263112,10.30298245614043
182,1962,10,7.760526315789476,12.944668930390451,3.4567402376909993
183,1996,4,6.715996168582384,12.758409961685873,1.4019923371647447
184,1997,8,17.62717497556206,23.991163245356713,11.84201368523951
185,1984,2,-2.108450704225348,0.8703011170471079,-4.7273676542010845
186,1973,4,6.223636363636366,11.043989898989837,1.710025252525252
187,1971,7,17.73588397099273,23.271017754438557,11.14553638409608
188,1952,2,-1.5435771125426296,0.7686623721106478,-4.531640773020092
189,2012,5,13.912193142625279,20.21675796307569,7.526009332521814
190,2008,6,16.994347826086965,23.142360248447186,10.187826086956575
191,2015,8,20.176264436479535,27.892831541218804,13.128474711270444
192,2017,6,17.28150684931508,23.173424657534195,11.167305936073099
193,1988,8,16.850196279228502,22.676361153780416,11.514695340501806
194,1963,7,18.771816638370144,24.90173174872666,12.12497453310699
195,1982,6,15.516267605633782,20.941197183098627,9.851361502347505
196,1957,3,2.578670745272523,7.344076751946592,-1.7692714126807538
197,1992,1,-1.268119590873325,1.537907159716763,-4.0570574350904725
198,1996,11,5.169364161849707,8.300635838150324,2.693121387283228
199,1986,10,7.863141820958213,13.221225424699323,3.5269135331169945
200,1997,11,2.6717073170731656,5.6468089430894315,0.2721138211382121
201,1984,8,16.861741484322124,23.16047823144602,10.937739679675188
202,1958,10,9.360876757650932,13.052743314033613,5.76647366969949
203,1959,2,-2.035775335775334,1.342796092796095,-5.573229548229534
204,1952,5,10.761786600496272,15.469797943991455,5.548209854661465
205,1963,12,-4.406656426011257,-1.7143027820447132,-7.733367468851338
206,1964,12,-0.5094906621392145,1.54531409168081,-3.0686757215619496
207,1986,5,14.197423172361141,19.995304447413613,8.21546096583324
208,1979,11,2.654388489208637,5.079328537170266,0.42621103117505993
209,1982,11,4.587817745803362,8.244412470023974,1.2139568345323757
210,1968,3,2.8552853598014867,7.338014888337481,-1.4138461538461546
211,1968,5,11.587220843672462,16.84000000000005,6.450570719602984
212,1952,9,11.042197802197812,15.13663003662997,7.3734065934066
213,2000,7,15.76782308784738,20.356258876039806,11.505234327449855
214,1985,6,13.733900709219906,18.228037825059054,9.560661938534334
215,2002,9,11.987393162393163,17.532200854700857,7.689102564102584
216,2020,11,4.485143165856296,7.871528903295503,1.8843327930848242
217,1988,12,0.4962221838882173,2.602863550112135,-2.0221321373124117
218,1961,6,17.19007079646019,22.810530973451325,11.223610619469007
219,1985,10,7.864334393457536,12.033280327123999,4.546819627442083
220,1975,1,2.458255675029869,4.945591397849463,0.009964157706094176
221,1971,12,2.5362897265336217,4.642941611234312,0.34944567627494466
222,2009,4,9.894500000000011,17.419041666666693,2.9420624999999836
223,1993,9,11.811929824561389,16.67040350877188,7.9078245614035785
224,1984,3,0.49647677876916213,4.7330359185541,-3.017455959734624
225,1969,10,8.117989549639221,13.465264991291342,3.7163473500870694
226,1960,3,1.4722635787151912,5.720733388475327,-2.1902398676592254
227,1956,5,12.001641199773648,16.498047538200357,6.3475947934352
228,2011,12,1.8382196815026546,4.617925683952639,-0.6059207839934628
229,2004,8,17.762162710488994,23.871758977480148,12.35067965104488
230,2002,8,18.905934656741156,25.25229528535968,13.471319272125818
231,2015,3,3.5520985084980876,9.166874783211943,-0.6160943461671837
232,2017,2,-0.6400297619047626,3.3033234126984037,-3.71061507936508
233,2016,8,16.81974193548389,23.090451612903294,11.378709677419385
234,2022,8,19.672525027808643,26.044938820912094,14.032369299221331
235,1965,3,0.45398981324278553,4.923735144312411,-3.958370118845495
236,1978,2,-3.652209660842762,-0.1591212744090431,-6.991778006166482
237,1969,12,-7.6314392059553375,-4.901439205955329,-10.82401985111657
238,2013,1,-3.264557222108066,-0.5595027737826174,-5.749229504828457
239,1996,9,9.463217726396902,12.986628131021277,6.71749518304428
240,1995,12,-4.4964404894327,-1.6181868743047807,-7.481590656284747
241,1985,8,16.99110043468316,22.422855181880518,12.4259437199726
242,1981,3,4.197323266986963,8.591123312743079,0.6097460535346612
243,1956,8,14.884861346915674,19.28803056027168,10.232823995472584
244,2014,2,2.193630573248405,6.991037306642399,-1.3534804367606936
245,1992,6,17.373333333333296,23.001250000000077,10.621163194444518
246,1986,11,4.713905325443792,8.237238658777049,1.6585996055226762
247,1977,11,4.6264734299516945,7.307826086956504,2.1681159420289817
248,2011,4,9.434810126582256,15.76164556962035,3.9270675105485244
249,1997,7,16.773958944281564,21.481055718474998,12.333978494623643
250,1998,9,12.526949494949466,17.63339393939393,8.490080808080787
251,1999,8,16.500000000000036,22.49999999999996,11.080468135326523
252,1959,12,-0.2902674386545351,1.8101461262751601,-2.6545629997242863
253,1991,10,7.28953194180899,11.860974067046254,3.5766919671094337
254,1965,7,15.746570458404008,20.552342954159517,11.040237691001764
255,1998,2,2.670847676419968,6.715490533562831,-0.6457185886402721
256,1957,8,15.69774749721914,20.016240266963347,10.76234705228028
257,2006,5,12.473516527279944,18.144563918757456,6.935882118677837
258,2007,6,17.811296296296245,23.499135802469123,11.883436213991747
259,2008,7,17.948347272003154,23.71806053365189,12.215870171246573
260,1965,1,-1.0844482173174819,1.3517657045840317,-3.9569779286927043
261,1987,5,10.920967741935515,15.998442714126892,5.859918427882829
262,2001,12,-4.395569620253164,-1.219967333605558,-7.485585953450345
263,1987,1,-11.201584933805716,-6.904158120455011,-15.51955994779035
264,1951,2,-0.19507575757575743,2.625252525252531,-2.701851851851852
265,1962,12,-4.554974533106962,-1.9493718166383667,-7.468098471986394
266,1990,8,17.147772657450144,23.55256869772991,11.144768731865573
267,1971,2,-0.11284606866002227,2.481118493909197,-2.3707641196013305
268,1952,4,9.305750915750911,15.016886446886422,3.832600732600742
269,2010,8,18.040661598520643,23.62467639202794,13.29558249434971
270,2021,1,-1.8513942044833207,1.2214871514488792,-4.454346637506845
271,1991,4,6.597557755775574,11.742145214521466,1.8622772277227675
272,1956,12,-0.2168998001712823,1.9755352554952883,-2.6906936911218877
273,2020,6,17.491904761904753,22.669682539682483,12.571375661375686
274,1985,7,16.888141753748332,22.17383007723756,11.550477055883697
275,1983,1,2.5381148478609052,4.86250285975749,0.09254175245939016
276,1969,6,15.665871794871844,20.72220512820519,10.324051282051334
277,1972,10,5.721187683284454,9.887683284457454,2.304643206256115
278,1992,8,20.48561827956995,27.515104166666745,13.82367271505381
279,1995,1,-1.827665390924011,0.9138691452524157,-4.6843265901220885
280,1986,6,15.642764705882328,20.826098039215736,10.016333333333375
281,1983,4,9.274428571428558,14.662238095238058,4.4000476190476
282,2022,5,13.256952169076735,19.5124026696329,6.858453837597316
283,2010,5,11.977965403624367,16.291598023064328,8.18410214168042
284,2003,9,12.763253527148368,19.652073535699067,7.455664814023122
285,1978,12,-3.3538640055697413,-0.1695056857739626,-6.190368995126465
286,1960,6,16.166068376068342,21.13000000000004,10.973475783475749
287,2020,3,3.573767158108798,9.564412811387891,-0.9947635993899351
288,2005,5,12.686122945830814,18.47754108338408,6.942990464597305
289,1963,8,17.99168081494065,23.5878098471986,12.603480475381998
290,2008,4,7.757469135802489,13.214876543209975,2.987510288065824
291,1985,5,13.969137497140231,19.359231297185982,8.518851521390978
292,1979,10,5.9137154792294995,11.582176839173755,1.4168716639591556
293,1954,4,4.311541218638004,8.421899641577067,0.3579211469534046
294,1987,4,6.821187739463579,11.422567049808404,2.591743295019153
295,1955,3,-1.125407382773528,2.955570335882936,-5.312504156967063
296,2008,8,17.508711288711286,23.53536463536461,12.230049950050041
297,2018,5,15.764425261244869,22.164697864607025,9.145433893684691
298,1960,2,-3.386000589448869,0.09817270851753625,-7.081373415856163
299,1985,1,-8.616765106769662,-4.86104043616538,-12.426965015901828
300,1968,9,13.243384615384615,18.340487179487216,9.081461538461571
301,1959,4,8.151310541310533,13.640284900284893,2.6750712250712216
302,2011,3,2.392609228256423,8.203899550837114,-2.06294405879952
303,2022,7,18.609566184649612,24.784037819799753,12.67030033370413
304,1991,5,9.451038007026531,14.238613861386183,4.9113701692750045
305,1993,8,16.02323588709679,21.803175403225758,10.57402553763445
306,1994,2,-2.6268415178571374,0.9331287202380975,-5.781361607142821
307,1985,2,-8.302263581488928,-4.393158953722315,-12.126760563380236
308,1983,12,-0.9422100205902526,2.3345458705101887,-4.481811942347283
309,1970,11,4.612051282051271,7.42417948717951,1.802743589743593
310,1979,9,13.061425828132503,18.183677388382083,8.944623139702388
311,1953,5,12.264267990074393,17.429138603332092,6.314569301666069
312,2004,10,9.293626149131793,14.38008171603682,5.605577119509702
313,1987,9,13.06337186897876,18.153275529865084,8.65491329479771
314,1998,6,16.754357429718794,21.90915662650597,11.715843373493943
315,1975,3,3.7462286527514297,8.64962049335862,0.13887571157495213
316,1952,10,6.762956398440275,9.732789790854294,3.7532789790854397
317,1989,6,14.84830742659765,19.82568221070804,9.698151986183099
318,1983,11,1.7484285714285657,5.361571428571417,-1.5528333333333364
319,1976,11,4.431119221411193,7.0594647201946366,2.0699756690997573
320,1972,3,3.6868997783797117,9.164196010834718,-0.7774439793154394
321,1972,12,-0.36030534351145044,3.070819995075101,-3.298694902733328
322,1959,6,15.818135158254929,21.106928999144607,9.75640148274879
323,1954,1,-6.915053763440874,-3.652445369406868,-10.635657301422116
324,2012,12,-2.7718101499897188,0.4282103965481834,-5.7382782001233
325,1987,8,14.786779787432401,19.690210702964727,10.319951519671855
326,1951,7,17.437836812144234,22.49134724857681,12.121631878557912
327,2005,12,-0.9945301542777,1.5166098978160643,-3.3536966539771935
328,2021,8,16.38596774193547,21.68236559139784,11.846505376344071
329,1973,11,1.3484343434343438,4.569772727272736,-1.6255050505050475
330,2007,11,1.259599156118144,4.324978902953583,-1.327426160337558
331,1993,3,0.6863198783989192,4.7350954230704,-2.8488262117885728
332,1989,10,9.866255700050685,13.975223779766964,6.343472386421252
333,1954,11,2.3547872340425586,5.234184397163128,-0.6537234042553188
334,2005,9,13.779420289855072,20.72786749482396,8.364906832298127
335,2020,9,14.082795698924736,20.712849462365554,9.082204301075265
336,1999,5,12.025583218976681,17.99096255636151,5.875730248970795
337,1980,5,9.12741935483873,14.462014960261758,3.4633707339878397
338,2010,7,20.067228272036193,25.87741935483877,14.13924388740493
339,2002,6,16.75238396624474,22.102552742615938,11.237447257384108
340,1992,5,12.592999667442589,18.156584635849654,6.53207515796478
341,1992,10,5.807183239108765,9.930063185899568,2.3281676089125196
342,1970,9,11.676794871794906,16.898205128205184,7.180435897435894
343,2012,3,3.773726922296604,9.320490971799588,-0.47883952120104717
344,1970,10,7.4039702233250715,11.290248138957802,3.89099255583126
345,2009,12,-1.3283424629742333,1.5731588557516694,-3.997362548184233
346,2001,3,2.1792364230298022,6.514944875459383,-1.1811351572070201
347,2006,12,3.13095572029653,6.146563814866799,0.6143057503506345
348,1974,6,13.815530303030327,18.68368686868677,9.188585858585926
349,1958,7,17.714006065618978,23.040033085194395,12.545519713261678
350,2001,11,1.719999999999998,4.842054507337526,-0.7899790356394131
351,2017,11,3.5127397260274025,6.643926940639264,1.0079452054794538
352,1965,12,0.3560441426146005,2.560509337860774,-2.286112054329386
353,1975,4,6.427965686274511,11.140073529411774,2.38034313725489
354,2020,8,19.018637992831543,25.575576036866348,13.241321044546876
355,2019,6,20.873282828282825,27.261515151515223,13.977525252525234
356,1977,2,0.3262681159420277,3.121972049689458,-2.193400621118012
357,1968,11,3.9837179487179433,6.542179487179496,1.7217435897435895
358,1956,7,16.853650254668977,21.293463497453338,11.545076400679138
359,2001,9,11.373037974683536,15.328333333333434,8.312257383966273
360,2018,7,19.07855520218084,24.608859609268602,13.62103589277602
361,2019,4,8.764975124378106,15.200398009950273,3.0430348258706457
362,1973,2,0.8709415584415565,2.9017586580086707,-1.0592803030303009
363,1969,3,-1.8477902621722846,1.6404744069912587,-5.251410736579283
364,1974,8,17.475562072336288,23.086779081133873,12.658162267839757
365,1993,10,8.16196236559139,12.447715053763568,4.561995967741936
366,1961,8,15.868680662229115,20.945980542754725,11.275490698071318
367,1984,9,12.662750582750595,17.015897435897358,9.173286713286748
368,2005,6,15.183666666666674,20.59020833333337,9.44287499999998
369,2018,9,14.037789324515826,20.889702409069532,9.11062824752006
370,1965,4,5.960087719298243,10.276403508771981,2.0145263157894715
371,1962,8,16.258217317487272,21.489371816638428,11.387589134125673
372,1987,3,-3.2599104978556612,0.9875069923550284,-7.112455715084812
373,1974,12,2.14024926686217,4.4029325513196715,-0.19618768328445757
374,2004,12,0.6725392886683201,3.3804590570719424,-1.6945409429280511
375,2007,7,18.189088012743863,23.82807646356027,12.647710075667055
376,1994,6,15.322517361111062,20.85204861111114,9.351857638888923
377,1986,1,-1.8148119870204218,0.6326207291467781,-4.548272571101338
378,1981,11,2.837112676056335,5.274624413145527,0.5422065727699541
379,2014,6,15.411889596602975,20.939999999999856,9.388174097664574
380,2006,9,14.670390946502106,21.524876543209682,9.481111111111126
381,2022,6,18.513684210526314,24.99093567251471,11.554561403508753
382,1981,2,-1.5654095904095873,1.3726273726273728,-4.333816183816174
383,1977,12,-1.1607059373539017,1.3661757830762054,-3.6805750350631072
384,1955,10,8.10579328505596,12.537722185648448,4.252073732718891
385,1952,3,-2.737185395249908,1.510563629918469,-7.159092520382844
386,2018,10,9.19064061790094,15.657791912766925,4.685597455701958
387,2021,10,7.984892473118292,14.054784946236504,3.8057526881720425
388,1966,1,-5.328213399503734,-2.902158808933013,-8.476774193548387
389,1967,7,18.592928039702294,24.42111662531013,12.599999999999984
390,1979,6,18.235875299760234,24.081151079136813,12.1687050359713
391,1970,7,16.678287841191057,21.682878411910707,11.696054590570792
392,1988,1,1.1992869269949067,3.4746689303904823,-0.9269269949066229
393,1993,11,-1.5445423143350645,1.6231260794473166,-4.427322970639033
394,1990,2,4.439285714285705,8.833035714285712,0.8759118541033432
395,1964,1,-4.283616298811553,-1.0553650254668965,-7.900848896434648
396,1961,12,-3.5614951356887,-0.18096944871138385,-7.320344768731843
397,1979,8,16.15924808540268,21.228707356695374,11.666860060338859
398,1968,2,-0.5782758620689663,2.2264721485411116,-3.439098143236077
399,2003,1,-3.2484495317377706,-0.041664932362123305,-6.178896982310103
400,2009,10,6.553559045482359,10.294003671221793,3.6465837242504566
401,2014,4,9.199893775228375,15.226811132356147,4.0397068196303385
402,2010,6,16.362377919320636,21.58074309978766,10.67898089171977
403,1991,2,-4.688454738330974,-0.9415487977369129,-8.366124469589826
404,1993,5,15.204921849018929,21.480844695710168,8.43150981044235
405,1960,9,12.002877492877484,17.172706552706583,7.728433048433045
406,2019,3,4.764034665382752,10.066538276360125,0.7753972075108343
407,2020,5,10.483051715309776,16.17030209933432,4.758525345622113
408,2022,4,5.954655172413793,10.964885057471282,1.4785632183908073
409,2020,10,9.616145833333338,13.770260416666689,6.62218749999997
410,1992,7,18.94178427419353,25.1188340053765,12.327436155914073
411,2000,6,16.453312500000084,22.493145833333262,10.24289583333337
412,1974,5,10.67453567937436,15.646089931573767,5.890884652981413
413,1959,1,-1.0666942376619786,1.3188309897987311,-4.000165425971866
414,2014,12,0.5378508588186013,3.314076246334306,-1.9972140762463295
415,2013,12,1.5989726731045817,4.843887404972266,-1.1502362851859487
416,2010,4,7.72991707420793,13.678184137784474,2.531150329576848
417,1966,2,0.5952472527472589,4.078818681318677,-2.9451373626373654
418,1967,12,-1.6608188585607926,0.767717121588091,-4.817096774193556
419,2001,1,-1.1042604990870364,1.7377155609657118,-3.4474132684114625
420,2020,1,0.9396673387096777,4.371370967741931,-1.7643649193548425
421,1984,6,13.87830985915494,18.50143192488261,9.25190140845077
422,1956,11,-0.4158187134502928,2.1721929824561412,-3.255643274853796
423,2017,12,1.20172337604949,3.8996906760936763,-1.3308440123729588
424,1977,10,8.852407667134198,13.881837307152816,5.094343151005163
425,1970,2,-4.837472527472527,-1.3124999999999998,-9.190989010989025
426,1958,8,16.61833471188311,21.79807003032806,11.789467879790461
427,2014,1,-1.365379083624408,1.719395931785478,-3.9393466200945215
428,1993,7,15.988892583970724,21.360492184901958,10.86972065181248
429,1996,10,8.429707426856682,12.973368342085587,5.142085521380351
430,1968,10,8.282133995037224,12.250421836228307,4.626153846153849
431,1954,5,12.554838709677426,17.83003815469993,6.915261879986151
432,1993,6,14.873470790377983,19.98240549828174,9.571821305841974
433,1979,2,-4.7896197327852,-0.6445786228160343,-8.749357656731734
434,1952,6,14.712857142857137,19.41366300366296,9.340989010988999
435,1963,2,-7.88565789473685,-3.8622180451127694,-12.548026315789466
436,1998,11,-1.2995755003032134,1.6753992318576831,-3.6811198706286676
437,1976,1,-2.673369437249827,0.310336708264657,-5.831881327996235
438,1971,8,18.42895723930987,24.99579894973751,12.09122280570147
439,1955,5,10.34167215273205,15.412804476629368,5.3023699802501545
440,2011,8,17.867415271539393,23.85636994691698,12.704409963250253
441,2007,10,7.097054698457233,11.720757363253933,3.65185333600479
442,2013,10,9.34898210980876,14.961135101789,5.214620604565103
443,2019,12,2.235632754342434,5.321935483870956,-0.4184119106699774
444,1978,10,8.368092566619902,12.301566152407675,5.307433380084144
445,1970,3,0.1994044665012405,3.443225806451624,-3.2720595533498953
446,1991,9,13.643349593495964,19.61115447154468,8.481447154471622
447,1983,5,14.447841145232045,19.954837220041583,8.97333179404299
448,1967,5,13.234937965260565,18.298858560794056,7.839205955334977
449,1971,3,-0.47509377344336196,3.675368842210569,-4.368317079269823
450,1956,3,-0.6561804167856126,2.983185840707969,-4.296460176991153
451,1953,9,13.104835164835158,18.716446886446807,8.083479853479872
452,2001,2,-0.8859389038634325,3.3214285714285525,-4.231469002695436
453,2015,10,6.638526231477775,11.967040448538269,2.879735682819382
454,1965,8,14.925178268251312,20.301528013582306,10.01514431239393
455,2001,8,18.1833809718252,24.24775418538178,13.028991425071549
456,1994,1,1.8357238381812093,4.306653293212981,-0.5797392176529559
457,1989,2,3.0024116347569927,6.3192378497791,0.19166053019145957
458,1997,4,4.06097512830634,8.943525463876853,-0.10254638768258892
459,1976,4,6.676982968369825,12.118369829683601,2.128150851581502
460,2013,7,18.534025066776245,24.495952332031912,12.129463735360654
461,2016,7,18.43644289450741,24.085091543156167,12.86939843068878
462,1990,3,6.109365244536941,11.06902532084634,1.9453520638224069
463,1978,3,3.182014388489212,7.452912508702718,-0.19419818983522927
464,1977,1,-1.6724637681159413,0.9035530621785853,-4.449392239364194
465,1975,2,-1.2236607142857154,2.5671743697479075,-4.217988445378172
466,2001,7,18.85947325438953,24.06866067782767,13.93523887300946
467,1982,5,13.052044525215845,18.816765106769658,6.8853248523398385
468,1957,2,2.347690886699508,5.226816502463055,-0.37549261083743946
469,2003,3,1.5303456841233687,6.748747671289594,-2.395094183398885
470,2011,5,12.956635361371939,19.347876684361076,6.367578603511662
471,1972,7,19.272043010752753,24.749071358748708,13.869183773216134
472,1957,1,-1.0134315906562854,1.3418798665183533,-3.809121245828686
473,2009,1,-3.2781206171107944,0.08918052494490103,-6.287537567621704
474,1983,6,16.003165467625895,21.677002398081534,9.809568345323788
475,1959,7,19.80794044665011,24.961014612627558,14.573256134546437
476,1956,6,15.773830409356751,20.38997076023388,10.559824561403493
477,1995,10,9.797864834756773,15.181099145933931,5.630375046416656
478,1997,6,15.91840236686388,21.287080867850058,10.149763313609478
479,1999,3,3.6924535679374335,8.360762463343132,0.11693059628543538
480,1975,12,0.3489648531535874,2.800433317284558,-2.283654309099675
481,2021,6,18.69016666666663,24.93266666666658,11.589055555555566
482,1980,9,12.105450121654501,17.28537712895379,8.003065693430656
483,2017,4,6.473607305936069,11.692648401826466,2.1338812785388113
484,1970,1,-5.4502481389578294,-2.306129032258062,-9.162679900744436
485,1968,6,17.35702564102562,22.99561538461535,11.360076923076985
486,1971,5,14.617579394848716,20.25586396599147,8.334808702175573
487,1988,10,7.70926501035198,13.12981366459625,3.278761214630777
488,2000,5,14.103427419354848,21.003649193548313,7.322177419354868
489,1981,4,5.517699530516428,11.177300469483551,0.4219718309859158
490,2008,9,11.778692244224402,16.626608910891044,8.017429867986854
491,2016,4,8.261403508771927,14.105482456140384,3.2675438596491206
492,1997,10,5.826119257086997,9.908836754643259,2.8018963831867
493,2000,4,10.552851153039814,16.957987421383645,4.938532494758887
494,1984,4,7.410070921985831,12.989669030732795,2.43460992907801
495,1977,6,16.429371980676304,21.903816425120805,10.636956521739155
496,2010,10,5.14485309225396,10.720525991370495,1.2101088966509133
497,1963,6,16.164684210526364,21.55854385964906,10.180280701754373
498,1987,11,4.021560693641614,6.393949903660876,1.7663198458574147
499,1985,9,12.038755868544593,16.730352112676048,8.141478873239457
500,1981,7,17.00198511166256,22.136589217234377,12.065756823821372
501,1954,9,13.994193548387118,19.470035842293875,9.511756272401453
502,2021,7,20.65188627665391,26.308911973756032,15.197539639147061
503,1962,6,13.882733686067025,18.59014109347451,8.58633156966491
504,1997,1,-5.076582633053218,-1.5290569561157872,-8.155910364145614
505,1998,1,0.2978429848425957,3.4693548387096484,-2.2288379323746708
506,1969,5,14.024590570719626,19.77181141439209,8.182009925558306
507,1971,9,10.821679586563272,15.639379844961232,6.706899224806218
508,1990,5,13.153251681904512,19.175677074348698,6.3789891323098145
509,1999,1,-0.20525904203323542,3.1655718475073216,-2.8615444770283776
510,1960,7,16.29693961952028,20.82236007719884,11.85599669148055
511,2002,11,4.185735800344247,7.610864888123966,1.4265705679862297
512,2004,9,12.42555555555553,18.391404612159356,7.661048218029351
513,1983,10,8.363286145277346,12.671849617080483,4.565142724530045
514,1957,6,16.829971014492763,22.18704347826085,9.916608695652178
515,2003,11,4.83580964685615,8.621963824289452,1.9221360895779485
516,2021,3,2.1762892078681526,7.170653907495985,-1.6138224348750663
517,2021,4,5.59137931034482,11.077126436781592,0.8497126436781598
518,1988,4,6.727438596491227,12.398649122806995,1.222070175438598
519,1985,4,7.327840375586854,12.782934272300437,2.662065727699522
520,2003,10,4.8294665012406846,9.024689826302772,1.6897435897435913
521,2011,11,2.3906844106463927,7.1924588086184995,-0.9206801858893104
522,2016,2,2.7011796733212257,6.296007259528119,-0.24024500907440954
523,1989,5,13.024991686065817,18.75668440305947,6.503175922846723
524,1996,5,13.270632108894302,18.571937348499006,8.41747156442288
525,2000,12,1.3727217741935482,4.16332661290322,-0.9436491935483928
526,1982,2,-2.677472527472521,0.775474525474525,-5.596278721278723
527,1954,12,2.3280027453672005,4.427076183939607,0.08328757721345278
528,2018,1,0.26583371194911454,3.3629259427532943,-2.324170831440258
529,1986,12,-0.6980222734254969,1.8696044546851132,-3.305952380952387
530,2000,9,11.25862499999999,16.88010416666673,6.955250000000004
531,1966,5,12.730893300248118,18.159106699751835,7.102406947890803
532,2002,1,-1.281890567578602,1.975234789710081,-4.276133115557362
533,1999,2,-1.881147186147188,1.0055627705627748,-4.468160173160194
534,1977,5,12.064305750350618,17.52120149602614,7.0477793361384
535,1973,12,-1.154423264907135,1.444721407624629,-4.138025415444776
536,1963,11,6.619614035087732,9.625701754385956,3.6239824561403586
537,1970,8,16.38205955334983,21.795607940446715,11.304689826302807
538,2018,4,12.161784037558682,19.344976525821654,5.771220657276977
539,1993,2,-1.90684523809523,1.3848214285714284,-5.066982886904728
540,1990,9,10.928877005347628,14.996292335115903,7.655864527629326
541,1964,11,3.640894736842106,6.1227543859649325,1.1552456140350849
542,1967,8,16.531687344913173,22.331017369727018,11.40766749379653
543,1969,9,13.023256410256439,19.346615384615426,7.491307692307712
544,1978,4,5.648225419664267,10.495827338129484,1.4565467625899224
545,2003,7,18.644994797086344,24.125306971904248,13.438231009365285
546,2015,6,16.100180701120312,21.73028550777028,10.0243585110228
547,1996,2,-5.893935790725325,-1.8711256440745214,-9.160443915973007
548,1970,12,0.17476426799007408,2.1990322580645185,-2.0198014888337483
549,1959,5,12.114722911497113,17.586986490212276,5.776978218913713
550,1956,9,12.539473684210543,18.067836257309907,7.273333333333356
551,1952,11,1.5985555555555566,3.623925925925928,-0.6682962962962988
552,1989,11,1.61390070921986,4.844574468085096,-1.5615425531914897
553,1995,3,2.196199480904699,6.203596588802398,-0.9716722284019292
554,1953,11,3.052014652014653,6.148681318681323,-0.44721611721611776
555,1966,11,2.658501291989663,5.159793281653752,0.16459948320413426
556,2013,2,-1.2150307447050797,1.2005921202459546,-3.221726258255511
557,2004,5,11.224867292772572,16.357349938750488,6.18779093507555
558,1995,2,2.747255851493134,6.173950766747397,-0.4745560936238867
559,1970,6,16.249025641025664,21.640820512820582,10.355000000000079
560,2010,9,11.463269639065794,16.360445859872655,7.763121019108288
561,2018,8,19.263778801843273,25.82884792626741,13.512995391705042
562,1964,7,17.784855687606242,23.48095076400665,11.642954159592517
563,1964,10,7.401511035653674,12.200169779286965,3.331154499151109
564,1987,6,15.357996146435433,20.336994219653192,10.187437379576112
565,1978,1,-1.5517521466697541,0.9440009282896261,-4.025922487816213
566,1970,4,6.359743589743592,10.601615384615389,2.599615384615382
567,1975,6,15.34629629629632,20.361086419753033,10.555234567901275
568,1952,7,17.509606522509788,23.141368309110263,10.908933002481394
569,2008,10,8.87112704101952,13.962325766626904,5.271365989645576
570,1963,1,-11.007151391022376,-7.2615634067247194,-15.733623485236304
571,1986,9,10.954274509803925,15.603549019607856,7.122098039215707
572,1976,3,-1.3978652751423133,2.4938092979127195,-4.750806451612927
573,1988,7,18.48024248633884,24.19308401639336,12.864754098360674
574,1966,3,2.360173697270473,5.803995037220853,-0.5380148883374676
575,1976,7,17.737226277372258,23.70470920649873,11.690275488580202
576,1975,9,15.249407407407405,21.968172839506224,9.957037037037036
577,2013,3,-2.2407921600653307,1.920375663536138,-5.592935892200896
578,2008,3,2.9075335604087384,7.48034462031664,-0.5422159887798015
579,1990,4,7.559911816578519,12.828606701940043,2.714338624338619
580,1995,8,17.212829069336323,23.307712272895696,11.203763440860207
581,1980,7,15.97003287928607,20.075716298731837,12.436824800375808
582,1966,9,12.206897435897464,17.309743589743686,7.745512820512826
583,2002,3,3.9746427113107368,9.119191506737502,0.05400163331972274
584,2002,2,3.15424954792043,7.25858951175409,-0.06182188065099246
585,2017,3,4.968360583296509,9.99703932832524,1.0288996906760919
586,1958,9,12.835555555555537,18.155584045584007,8.186125356125347
587,2018,2,-4.377012072434604,-1.0528672032193198,-6.970120724346061
588,1984,5,12.668405399222154,17.58437428506061,7.871013498055363
589,2009,6,15.013715498938403,20.082356687898123,10.185605095541455
590,2013,5,13.68728169303472,18.951674542839438,8.57193342921723
591,1964,3,-2.5631239388794573,0.513684210526316,-5.72494057724955
592,1999,10,7.804051927616041,11.923249409913508,4.7420928402832345
593,1976,10,7.432540616906033,11.885401459853941,4.104685660466209
594,1974,11,3.4814141414141444,6.242651515151523,1.1052020202020192
595,1951,9,14.537137254901957,20.230431372549017,9.22015686274511
596,2009,7,18.720608177522074,24.583480583521673,13.012944318882345
597,1989,3,5.077552377785166,10.10512138343864,0.8752411040904515
598,2008,11,4.598045267489717,8.263312757201687,1.7062345679012296
599,2017,5,12.998011489173685,18.68541758727351,7.28086610693768
600,1966,12,-0.2964498510427007,1.8072740814299784,-2.9703823237338587
601,1959,11,2.6146438746438787,5.612364672364689,-0.31626780626780554
602,2009,3,2.0492887196954523,5.681426567822091,-0.7755760368663547
603,2006,11,5.345415207088395,9.03709045950968,2.354811456830815
604,2013,11,4.5828846153846206,7.865042735042757,1.834444444444445
605,1977,3,4.747522206638619,9.567438055165923,1.1036465638148665
606,2018,11,3.848873239436621,8.019295774647865,0.9354460093896729
607,2021,9,12.761888888888864,18.528222222222215,8.341333333333337
608,1996,1,-5.9231182795699056,-2.890674823878401,-8.455580274378885
609,1982,3,3.11908223534756,7.810131758291665,-0.62751022262608
610,1978,8,15.255960729312749,20.49438990182327,10.905469845722338
611,2014,7,19.756263091747005,25.711143695014737,13.871784666946002
612,2016,3,3.158446519524622,7.379371816638388,-0.20182512733446506
613,1997,3,2.237885048835464,7.225394440270513,-1.5508076634109733
614,1985,12,1.9386867993594152,4.521436742164257,-0.6464195836193092
615,1980,10,8.152896486229812,12.112559354226006,4.977777777777772
616,2016,6,17.685155555555564,23.710711111111163,11.204533333333341
617,1988,2,0.7109437386569863,3.3432849364791393,-1.6573502722323004
618,1974,2,2.0302489177489127,5.491856060606065,-0.6660173160173133
619,1963,9,14.221157894736875,19.615807017543904,9.666052631578992
620,1987,12,0.20105026256564157,2.467779444861223,-2.0960990247561915
621,1976,9,12.232401960784305,17.361176470588152,8.10892156862747
622,2018,6,17.59399061032863,23.39051643192495,11.827793427230041
623,2000,10,11.17225806451615,16.61381048387099,7.345362903225827
624,1983,8,17.280060776063586,23.802431042543265,10.926157082748986
625,1958,3,-2.2530741659773916,0.7551419906258606,-5.54405845051007
626,2014,10,9.213447842480097,14.571470465018976,5.485923753665704
627,2019,7,18.08924889543448,24.112174766813936,12.071674030436938
628,1962,3,-1.729032258064509,1.9244239631336477,-5.534903567161623
629,1962,4,9.268447971781303,14.631375661375642,4.455714285714284
630,1981,6,16.437841625788412,21.530974071478767,11.856038308806387
631,1978,6,14.698285024154554,20.093961352656986,9.047729468599071
632,1976,5,11.728154648956377,17.286456356736185,5.930597722960174
633,1990,6,16.028859180035635,21.49333333333326,10.15147950089134
634,1987,2,-1.7303674649050307,1.8134805945499677,-4.823843930635833
635,1970,5,11.51861042183626,16.48044665012412,6.411861042183639
636,1975,7,18.245782556750274,23.701863799283096,12.824611708482715
637,1951,10,6.111081593927889,12.519734345351063,0.7158633776091083
638,2015,5,11.96220910038207,17.459152483501338,6.574609239319211
639,1963,4,7.5320701754386254,12.849894736842048,2.5833508771929834
640,1961,11,3.7835273368606637,6.483897707231025,1.1039153439153497
641,1995,11,-0.06840791242558011,3.052717495678886,-3.00247743422317
642,1986,8,16.669727047146402,22.028784119106724,11.784653559839718
643,1973,3,3.0117057673509358,7.656427174975538,-0.9600684261974524
644,1967,11,3.8764102564102503,7.1694358974359025,0.5813333333333308
645,1958,4,4.0359829059829,7.440968660968639,0.36393162393162365
646,1953,1,-2.0336917562724026,0.09741935483870973,-4.918888888888876
647,1953,8,16.244487770294207,21.951400212690473,10.672172988302021
648,2021,11,4.38238888888889,7.959833333333309,1.6928333333333347
649,1994,11,3.672763385146805,6.96169257340246,0.6287046632124366
650,1976,12,-1.413209324228867,0.9049446668236382,-3.743418883918088
651,1951,12,2.1733206831119523,4.407134724857688,-0.4132447817836803
652,2004,2,-0.4678811537627401,2.765755801344598,-3.260529169377588
653,2012,11,5.068556263269651,8.486772823779232,2.3359023354564714
654,2003,2,-5.493887362637368,-0.8092719780219735,-9.27303113553113
655,1992,4,7.099495934959365,11.997349593495922,2.7129268292682873
656,1998,4,9.144567182165062,14.291865836513411,4.692227354890528
657,1981,12,-3.3292562724014325,-0.6113799283154138,-6.740546594982079
658,1971,11,2.255487179487184,4.971897435897459,-0.4646153846153841
659,2010,1,-7.329484281898492,-3.9813437435791923,-10.294883912060762
660,2000,3,2.741139240506329,6.556451612903249,-0.23552470396079545
661,1972,2,0.03277178204790636,3.3606475388260266,-2.627349302448012
662,1980,1,-6.348339658444024,-2.983420303605303,-10.046845351043624
663,2001,6,14.076457023060799,18.793333333333287,9.295157232704483
664,2005,8,16.066459627329188,21.667782007613685,11.035523943097584
665,2016,12,-0.556048387096774,2.577284946236553,-3.3349462365591345
666,1971,4,7.465503875968981,12.577829457364341,2.7491989664082706
667,2003,5,14.73039702233253,20.81575682382135,8.838296112489731
668,1960,5,12.047532395919509,17.245629997242922,6.4283705541769995
669,2008,2,2.1858836206896606,6.103081896551765,-0.902047413793111
670,2015,1,0.4524676040805073,3.2556658395367877,-2.018472566859668
671,1983,3,3.7253666361136495,7.4477772685609445,0.4800412465627876
672,2010,3,2.1671009098428455,7.277956989247322,-1.9111455748552637
673,2012,6,16.34981132075469,21.507190775681273,11.129329140461216
674,2014,3,5.420690363673713,11.34867474830502,0.9610437641257431
675,2016,1,-3.4710447761194,-0.00869936034115187,-6.583880597014944
676,2019,10,9.677419354838706,16.001857282502403,5.428787878787872
677,1992,2,0.7052481076534897,3.7047939444911444,-2.145853658536585
678,1973,9,12.766565656565692,18.365959595959517,8.056717171717173
679,1958,11,3.8885754985754972,6.06712250712251,1.5769230769230766
680,2014,8,16.686568730325302,22.364323189926456,11.841909758656884
681,2002,7,19.286377645366752,25.15218820628718,13.563427162523222
682,2016,9,14.252711111111108,21.292000000000037,8.863066666666658
683,1955,7,17.91925608953258,22.68729427254767,13.053554970375231
684,2022,3,1.865850945494995,8.618798665183503,-3.129254727474972
685,1994,7,20.42286626344084,27.11061827956984,12.381854838709687
686,1994,12,0.6474462365591396,3.247143817204295,-1.975235215053784
687,1974,4,6.523106060606055,12.459772727272721,0.9041161616161615
688,1959,8,17.72023711055972,22.950813344361826,12.695230217810856
689,2011,7,17.268129848917955,22.04936708860748,12.797876684360917
690,1988,9,13.186737967914443,17.5225311942959,9.541140819964355
691,1996,3,-2.392951706134622,1.6479768786127182,-5.672757784821922
692,1995,6,15.621168582375482,20.75674329501908,10.491340996168576
693,2000,11,6.279687499999991,10.248416666666735,3.246958333333317
694,1955,11,3.245374149659864,5.9325170068027155,0.45418367346938776
695,1951,3,0.41711574952561764,3.870815939278943,-2.994421252371915
696,2008,1,0.8952915247445404,4.007373271889418,-1.7729312762973475
697,2013,8,17.768522703924386,24.43410725292773,11.689500719128846
698,1988,11,-0.43714795008912616,2.8179500891265596,-3.5362032085561554
699,1975,10,7.701959378733569,11.36649940262842,5.031517323775397
700,1954,8,16.7548387096774,22.37673301304042,11.503774879890175
701,1999,9,14.986117886178885,21.529695121951157,9.88016260162606
702,1969,7,17.873027295285336,23.57677419354843,11.949205955335078
703,1955,9,14.01904761904762,19.42044217687068,9.42636054421766
704,2007,4,8.320329218107002,15.137633744855997,2.068292181069956
705,1989,4,8.683868739205536,14.06846286701207,3.97495682210708
706,1962,9,11.86007017543863,17.14668421052634,7.1888070175438745
707,1986,4,8.186508875739642,13.743885601577883,3.342721893491106
708,1956,1,-1.345104196403081,1.2128461318869534,-3.864002283756774
709,2017,8,18.307379584622236,24.98281042863454,12.514803358373845
710,2019,8,19.02473118279569,25.692473118279626,13.233919843597269
711,1998,8,16.037877599058433,21.639407610827696,11.18507257748133
712,1953,2,-2.0499206349206376,0.868015873015872,-5.324484126984122
713,1992,11,3.4684201388888996,6.239357638888883,0.8173784722222214
714,1978,11,4.002470023980807,6.866570743405245,1.6616786570743398
715,1953,12,-0.38856630824372806,1.9458064516128988,-2.7472043010752616
716,2012,4,8.316177087704537,14.096202266051282,3.0869911875786835
717,1991,8,17.240727792785645,22.52731606546964,12.442571110758069
718,1965,2,-5.416785714285725,-2.0974248120300842,-9.491353383458613
719,1962,2,-2.2971655328798164,0.36772486772486856,-5.414965986394546
720,1952,1,-0.30613257710032016,1.9674583481035135,-2.9511520737327177
721,2007,2,0.13079315707620387,3.4305709842257177,-2.530948678071545
722,2005,7,18.5236425566019,24.398377078741667,12.703085553997191
723,2011,6,17.32721518987343,22.905907172995803,11.583459915611801
724,2022,9,11.467678571428566,16.667916666666603,7.396249999999976
725,1998,5,13.035211815001936,18.83589195491649,7.307559269335354
726,1968,4,8.74079487179485,14.961512820512848,2.7665641025640975
727,2016,10,6.625108979947692,10.366564952048853,3.7714908456843936
728,1981,9,13.33177156177155,18.72951048951051,8.758951048951076
729,1960,11,4.956723646723642,7.728888888888892,2.152564102564101
730,2004,3,2.4645972813958283,6.7634814363968445,-0.9379793061472932
731,1989,7,17.617143332224902,23.167110076488132,11.669171932158347
732,1990,12,-0.6035018112816981,1.5133344833534677,-2.980472658271524
733,1981,10,8.48044213850664,12.45592149785695,5.163749154071734
734,1967,6,15.5407435897436,20.844282051282036,9.933589743589776
735,1972,1,-6.160329967988184,-3.14998768776164,-9.073725683329235
736,2000,8,17.352931629133725,23.455183607222533,11.849644958409456
737,1957,4,7.0385344827586085,12.330747126436773,1.7541379310344845
738,1964,5,12.391358234295438,17.946536502546707,6.042801358234309
739,1999,4,8.580996758508897,13.948541329011464,4.034886547811989
740,1978,5,11.182176839173815,16.331956370387505,5.889510327222094
741,1951,8,18.879734345351018,24.761935483870992,13.046565464895634
742,1996,7,15.56572813723661,20.72672011933626,10.653962334514258
743,1996,12,-5.824887471867963,-2.4456301575393913,-8.53178919729927
744,1983,7,18.677325853202476,24.644039270687323,12.228517999065081
745,1967,10,10.912382133995049,15.856923076923186,6.516426799007423
746,1951,1,-1.4478878648233469,0.9606758832565236,-4.273732718894016
747,2005,4,7.745324947589096,14.020083857442495,2.302851153039823
748,2014,9,13.775108225108221,19.627987012986864,9.317186147186149
749,1991,11,3.531039603960409,6.192409240924048,0.985726072607255
750,1994,5,11.871572580645182,17.31518817204308,6.386122311827984
751,1972,4,7.405216284987279,11.978575063613208,3.390254452926216
752,1960,8,16.322304935208194,21.473531844499618,11.818389853873738
753,1958,6,14.472792022792058,18.926467236467207,9.136381766381787
754,1979,4,6.007213272421264,10.667492185621533,1.9657129117576335
755,1972,11,4.058106060606058,6.6283333333333205,1.5675252525252485
756,1955,6,14.545850340136036,19.388129251700587,8.848129251700698
757,2007,1,2.8521538769785657,5.983931075936703,0.03398116609898021
758,1992,12,-1.2053650254668895,1.4081833616298847,-3.820390492359925
759,1967,2,0.09464285714285725,2.963791208791207,-3.1577472527472596
760,1969,8,16.042679900744403,21.497667493796637,10.757468982630295
761,1955,4,4.242857142857144,8.624183673469396,0.20880952380952372
762,1954,3,2.188796392646552,5.809053069719037,-0.8477974332292759
763,1989,1,1.0887096774193543,3.6989079301075196,-1.4441196236559244
764,1959,10,7.367411083540126,13.315053763440844,1.9179487179487167
765,1957,10,8.578281423804238,12.470578420467179,4.2816740823136925
766,1980,12,-0.7755121262067343,1.6745467388745006,-3.5648928655521543
767,1973,5,12.412047898338201,17.842766373411443,6.722238514174017
768,1954,10,8.44423472889501,12.781571722717938,4.481125600549069
769,2013,6,16.910000000000032,21.913227176220683,11.82029723991508
770,1951,4,7.786078431372528,13.507372549019589,2.329254901960788
771,2005,10,8.428611500701283,14.628811861350547,4.111500701262271
772,1991,3,4.150258064516127,8.440096774193542,0.7660322580645124
773,1962,5,10.303942652329757,14.626147806792916,5.944017750469365
774,1968,7,16.344342431761753,21.64243176178666,11.032258064516213
775,1958,1,-2.473614557485526,0.36258615936035365,-5.654425144747714
776,2004,4,7.791433970186848,13.602372454335585,2.665714885576307
777,1989,12,0.8590132827324459,3.8130584785233683,-2.3417284802484057
778,1997,12,-0.10291300097751686,2.3739002932551347,-2.229462365591403
779,1980,3,-0.5009889333647277,3.167200376736529,-3.4409700965387335
780,1951,11,5.876274509803925,8.749960784313723,2.6727450980392113
781,1993,12,1.5838041116496753,3.8874310546548414,-1.0577636637138708
782,1960,1,-2.7106699751861036,-0.003584229390680877,-5.907416597739181
783,1958,12,1.0511993382961138,3.518472566859667,-1.7762889440308807
784,1959,3,4.3886958919216905,9.514860766473658,0.06992004411359252
785,1961,1,-3.34476453337935,-0.13182680696912147,-6.886079006382612
786,1961,9,14.055978835978879,20.501851851851942,8.60029982363321
787,1977,4,5.6711192214112005,10.369951338199472,1.678637469586376
788,1974,10,5.9641495601173045,8.87878787878785,3.608577712609949
789,1957,9,11.417126436781624,15.27264367816091,7.152126436781611
790,1953,10,9.590038993264796,14.715632754342415,5.149521446295643
791,1986,7,16.931609085703435,22.39102882229434,11.394617293376621
792,2015,2,-0.26716269841269885,3.761342592592574,-3.260317460317473
793,2022,2,2.236718266253871,5.965944272445791,-0.6365944272445828
794,1992,9,12.298628472222244,17.913211805555484,7.574739583333412
795,1964,2,-4.018620689655168,-0.3613611615245009,-7.904809437386559
796,1964,6,18.50980701754397,24.289859649122743,12.156526315789511
797,1997,5,12.59646879175414,17.94731819049438,7.665298721129992
798,1968,8,16.756724565756855,22.53444168734489,11.360000000000083
799,1951,6,16.456784313725482,21.907568627450935,10.411490196078429
800,2009,5,12.516676810712116,18.678596064110447,6.402393994725114
801,2017,9,12.567260273972604,17.34634703196341,9.058310502283119
802,1979,5,13.633859364121587,19.68340682292878,7.241262473891864
803,1978,7,15.51106985379434,20.677953121373914,10.395892318403384
804,1974,1,-0.5583088954056669,1.9292277614858386,-2.9547653958944378
805,1965,11,-0.6807719298245604,2.249964912280684,-3.691561403508762
806,1983,9,13.708140096618358,19.382173913043435,8.981159420289856
807,1980,11,1.541800486618006,4.074355231143563,-0.9345742092457414
808,1966,8,16.316029776674927,21.60014888337462,11.08620347394543
809,2002,4,7.398143459915625,12.931118143459999,2.7233966244725636
810,2003,8,18.309094693028126,24.978293444328727,12.173298647242525
811,1991,1,-0.4487064835515805,2.6266049185563776,-3.328569147237291
812,1982,10,8.812027649769602,13.703387096774165,4.759723502304146
813,1969,11,5.159846153846148,8.497051282051308,1.869794871794871
814,2017,7,17.692222713212548,23.474016791869182,11.906893504197965
815,1955,2,-3.146391752577311,0.260456553755523,-6.751730486008834
816,2012,2,-7.021383647798731,-2.786922576447633,-10.715072652353035
817,2001,10,10.698011767092728,15.577074457293579,7.188861838101068
818,2020,2,2.9071120689655157,6.667241379310353,-0.08254310344827548
819,1969,2,-3.688986784140972,-0.5702367841409683,-6.827395374449379
820,1958,2,-0.13107448107448097,3.1430708180708127,-3.8047619047619
821,2006,3,-1.1846873755475924,3.1578853046594837,-4.7527479091995
822,1963,5,13.794770797962665,19.349609507640128,8.337096774193553
823,1990,1,1.1750043125754701,3.6673279282387314,-1.426185958254275
824,1961,4,9.721515151515156,15.468217468805753,3.7651693404634528
825,1984,1,-0.4179691049522945,1.8839618355293108,-2.924625170377116
826,1982,4,4.998179669030724,10.127683215129982,0.5138770685579197
827,1973,10,6.344127062299935,11.077025363210959,2.49441024378232
828,1994,8,17.717389112903245,23.526696908602165,12.402368951612926
829,1982,8,17.961287335031283,24.214563556378874,11.962259782357119
830,1957,11,4.230545977011493,6.853994252873562,1.4416379310344827
831,1955,12,0.7420342330480583,3.1141211323238993,-2.159578670177745
